studID,studyHR,midExamGrade,finalExamGrade,QOL,Class
UTRGV001,9.54,27.13,14.8,39.77,A
UTRGV002,10.3,38.64,32.67,47.56,A
UTRGV003,11.31,39.3,40.32,53.69,A
UTRGV004,9.6,28.37,38.28,41.02,A
UTRGV005,10.28,35.98,49.38,49.86,A
UTRGV006,10.49,31.56,42.98,54.64,A
UTRGV007,10.44,12.22,47.18,56.92,A
UTRGV008,10.58,39.84,72.07,42.98,A
UTRGV009,10.21,28.81,44.13,21.62,A
UTRGV010,9.91,27.32,29.36,37.28,A
